{"cameraMode":{"drawMode":0,"name":"Shaded","section":"Shading Mode"},"sceneLighting":true,"audioPlay":false,"sceneViewState":{"m_AlwaysRefresh":false,"showFog":true,"showSkybox":true,"showFlares":true,"showImageEffects":true,"showParticleSystems":true,"showVisualEffectGraphs":true,"m_FxEnabled":true},"in2DMode":false,"pivot":{"x":16.42827796936035,"y":1.3528649806976319,"z":-0.5945158004760742},"rotation":{"x":0.012305167503654957,"y":-0.021873299032449724,"z":0.00030479516135528684,"w":0.9997285008430481},"size":0.40256232023239138,"orthographic":false}